{"cameraMode":{"drawMode":0,"name":"Shaded","section":"Shading Mode"},"sceneLighting":true,"audioPlay":false,"sceneViewState":{"m_AlwaysRefresh":false,"showFog":true,"showSkybox":true,"showFlares":true,"showImageEffects":true,"showParticleSystems":true,"showVisualEffectGraphs":true,"m_FxEnabled":true},"in2DMode":false,"pivot":{"x":-11.459074020385743,"y":15.700543403625489,"z":2.2842235565185549},"rotation":{"x":0.0059942882508039478,"y":-0.043485499918460849,"z":0.00026091618929058313,"w":0.9990359544754028},"size":12.536320686340332,"orthographic":false}